epoch,speed,gForce,sats,lat,lng
1772792641000,12.1,0.24,5,-22.774969,-47.136957
1772792641200,12.6,0.39,5,-22.774961,-47.136963
1772792641400,13.3,0.22,5,-22.774953,-47.136970
1772792641600,13.9,0.71,5,-22.774944,-47.136977
1772792641800,14.6,0.59,5,-22.774936,-47.136984
1772792642000,15.2,0.37,5,-22.774928,-47.136991
1772792642200,16.0,0.56,5,-22.774919,-47.137000
1772792642400,16.7,1.01,5,-22.774910,-47.137007
1772792642600,17.4,1.39,5,-22.774900,-47.137015
1772792642800,18.0,0.59,5,-22.774890,-47.137023
1772792643000,18.7,0.30,5,-22.774880,-47.137031
1772792643200,19.2,1.32,5,-22.774871,-47.137039
1772792643400,20.0,0.25,5,-22.774861,-47.137051
1772792643600,20.8,0.48,5,-22.774850,-47.137063
1772792643800,15.6,0.04,5,-22.774839,-47.137075
1772792644000,15.5,0.67,5,-22.774827,-47.137085
1772792644200,18.8,1.33,5,-22.774817,-47.137096
1772792644400,20.9,0.83,5,-22.774810,-47.137106
1772792644600,22.2,0.80,5,-22.774806,-47.137114
1772792644800,22.6,0.46,5,-22.774804,-47.137121
1772792645000,23.1,0.64,5,-22.774797,-47.137132
1772792645200,17.3,0.08,5,-22.774787,-47.137144
1772792645400,16.7,0.67,5,-22.774779,-47.137156
1772792645600,19.9,1.28,5,-22.774775,-47.137165
1772792645800,22.2,0.72,5,-22.774766,-47.137178
1772792646000,24.2,0.82,5,-22.774754,-47.137192
1772792646200,25.8,0.44,5,-22.774742,-47.137206
1772792646400,26.9,0.28,5,-22.774733,-47.137217
1772792646600,27.8,1.35,5,-22.774721,-47.137227
1772792646800,28.7,0.21,5,-22.774707,-47.137241
1772792647000,29.6,1.14,5,-22.774694,-47.137255
1772792647200,30.3,0.32,5,-22.774680,-47.137268
1772792647400,31.2,1.00,5,-22.774666,-47.137284
1772792647600,32.1,1.06,5,-22.774650,-47.137300
1772792647800,33.1,1.18,5,-22.774634,-47.137316
1772792648000,34.2,0.84,5,-22.774617,-47.137333
1772792648200,35.1,0.94,5,-22.774602,-47.137349
1772792648400,35.8,1.12,5,-22.774587,-47.137364
1772792648600,36.6,1.16,5,-22.774570,-47.137381
1772792648800,37.2,0.21,5,-22.774553,-47.137397
1772792649000,37.8,0.70,5,-22.774536,-47.137413
1772792649200,38.6,0.46,5,-22.774517,-47.137431
1772792649400,39.2,0.53,5,-22.774501,-47.137446
1772792649600,39.7,0.10,5,-22.774484,-47.137462
1772792649800,40.3,0.87,5,-22.774467,-47.137481
1772792650000,41.0,0.22,5,-22.774448,-47.137499
1772792650200,41.7,0.30,5,-22.774428,-47.137517
1772792650400,42.4,0.30,5,-22.774408,-47.137537
1772792650600,43.2,0.54,5,-22.774388,-47.137557
1772792650800,43.9,0.88,5,-22.774369,-47.137577
1772792651000,44.6,0.38,5,-22.774349,-47.137597
1772792651200,45.2,1.31,5,-22.774330,-47.137615
1772792651400,33.9,0.08,5,-22.774311,-47.137634
1772792651600,31.2,0.33,5,-22.774292,-47.137652
1772792651800,36.7,2.37,5,-22.774273,-47.137671
1772792652000,40.4,1.58,5,-22.774254,-47.137690
1772792652200,43.0,0.18,5,-22.774234,-47.137710
1772792652400,44.7,0.53,5,-22.774215,-47.137728
1772792652600,45.9,0.54,5,-22.774196,-47.137747
1772792652800,46.7,1.08,5,-22.774176,-47.137766
1772792653000,47.4,0.79,5,-22.774157,-47.137786
1772792653200,47.9,0.83,5,-22.774137,-47.137805
1772792653400,48.3,0.29,4,-22.774118,-47.137825
1772792653800,48.3,0.51,0,-22.774100,-47.137844
1772792654000,48.3,0.58,0,-22.774100,-47.137844
1772792654200,48.4,0.64,0,-22.774100,-47.137844
1772792654400,48.4,0.65,0,-22.774100,-47.137844
1772792654600,48.4,0.43,0,-22.774100,-47.137844
1772792655000,48.3,0.61,0,-22.774100,-47.137844
1772792655400,48.3,0.57,0,-22.774100,-47.137844
1772792655800,48.3,1.12,0,-22.774100,-47.137844
1772792656000,48.8,0.66,4,-22.773881,-47.138066
1772792656200,49.1,0.13,4,-22.773862,-47.138085
1772792656400,49.4,0.42,4,-22.773844,-47.138104
1772792656600,49.6,0.92,4,-22.773825,-47.138124
1772792656800,49.7,0.33,4,-22.773807,-47.138144
1772792657000,49.9,0.70,4,-22.773788,-47.138163
1772792657200,49.9,0.64,4,-22.773770,-47.138183
1772792657400,50.0,0.92,4,-22.773751,-47.138202
1772792657600,50.1,0.66,4,-22.773732,-47.138222
1772792657800,50.1,0.36,4,-22.773715,-47.138241
1772792658000,50.2,0.85,4,-22.773696,-47.138261
1772792658200,50.2,0.40,4,-22.773677,-47.138280
1772792658400,50.2,0.56,4,-22.773660,-47.138300
1772792658600,50.0,0.74,5,-22.773643,-47.138318
1772792658800,50.0,0.69,4,-22.773626,-47.138338
1772792659000,49.8,0.86,4,-22.773609,-47.138357
1772792659200,49.9,0.91,4,-22.773588,-47.138378
1772792659400,49.9,1.08,4,-22.773570,-47.138398
1772792659600,50.0,0.88,4,-22.773549,-47.138419
1772792659800,50.1,0.93,4,-22.773531,-47.138439
1772792660000,50.1,0.29,4,-22.773512,-47.138458
1772792660200,50.3,1.07,4,-22.773490,-47.138479
1772792660400,50.4,0.50,4,-22.773471,-47.138499
1772792660600,50.6,0.77,4,-22.773451,-47.138520
1772792660800,50.6,0.57,4,-22.773433,-47.138540
1772792661000,50.5,0.61,5,-22.773418,-47.138559
1772792661200,50.3,1.07,4,-22.773403,-47.138578
1772792661400,50.1,0.41,4,-22.773388,-47.138597
1772792661600,50.0,0.66,4,-22.773368,-47.138618
1772792661800,50.2,0.36,5,-22.773345,-47.138639
1772792662000,50.5,0.85,5,-22.773324,-47.138661
1772792662200,50.8,0.49,5,-22.773302,-47.138683
1772792662400,51.0,0.67,4,-22.773282,-47.138703
1772792662600,51.3,0.98,5,-22.773262,-47.138723
1772792662800,51.6,1.21,5,-22.773240,-47.138745
1772792663000,51.9,1.15,4,-22.773218,-47.138766
1772792663200,52.3,0.82,4,-22.773196,-47.138787
1772792663400,52.6,0.32,5,-22.773176,-47.138807
1772792663600,52.8,0.55,4,-22.773155,-47.138829
1772792663800,53.1,1.09,4,-22.773134,-47.138850
1772792664000,53.3,0.52,5,-22.773112,-47.138871
1772792664200,53.5,0.84,5,-22.773091,-47.138892
1772792664400,53.7,0.61,5,-22.773071,-47.138912
1772792664600,53.8,0.76,5,-22.773051,-47.138933
1772792664800,53.9,0.38,5,-22.773030,-47.138953
1772792665000,54.0,1.16,5,-22.773009,-47.138973
1772792665200,54.1,0.29,4,-22.772989,-47.138994
1772792665400,54.1,0.82,4,-22.772969,-47.139014
1772792665600,54.1,0.32,4,-22.772949,-47.139035
1772792665800,54.2,1.46,5,-22.772927,-47.139056
1772792666000,54.3,0.92,5,-22.772907,-47.139077
1772792666200,54.4,1.21,5,-22.772886,-47.139098
1772792666400,54.6,1.15,4,-22.772864,-47.139120
1772792666600,54.8,0.81,5,-22.772841,-47.139142
1772792666800,55.2,1.45,4,-22.772817,-47.139164
1772792667000,55.5,1.09,4,-22.772795,-47.139186
1772792667200,55.7,1.34,5,-22.772774,-47.139207
1772792667400,55.9,1.60,5,-22.772752,-47.139229
1772792667600,56.0,0.59,5,-22.772731,-47.139251
1772792667800,56.2,1.50,4,-22.772708,-47.139273
1772792668000,56.4,0.91,5,-22.772685,-47.139294
1772792668200,56.5,1.11,4,-22.772662,-47.139316
1772792668400,56.5,1.32,4,-22.772643,-47.139336
1772792668600,56.5,1.13,5,-22.772623,-47.139356
1772792668800,56.3,0.18,4,-22.772603,-47.139376
1772792669000,56.2,1.28,4,-22.772583,-47.139397
1772792669200,56.1,1.42,5,-22.772562,-47.139417
1772792669400,55.9,1.14,5,-22.772541,-47.139438
1772792669600,55.8,1.33,5,-22.772521,-47.139458
1772792669800,55.8,1.03,5,-22.772501,-47.139479
1772792670000,55.6,1.05,5,-22.772481,-47.139499
1772792670200,55.6,1.16,5,-22.772459,-47.139519
1772792670400,55.5,1.86,5,-22.772439,-47.139539
1772792670600,55.5,1.05,5,-22.772420,-47.139560
1772792670800,55.4,1.24,5,-22.772400,-47.139580
1772792671000,55.3,1.04,5,-22.772382,-47.139602
1772792671200,55.2,0.59,5,-22.772363,-47.139623
1772792671400,55.0,1.34,5,-22.772344,-47.139644
1772792671600,54.9,1.02,5,-22.772324,-47.139665
1772792671800,54.8,1.51,5,-22.772305,-47.139685
1772792672000,54.7,1.17,5,-22.772284,-47.139705
1772792672200,54.7,1.19,5,-22.772264,-47.139726
1772792672400,54.5,0.85,5,-22.772246,-47.139746
1772792672600,54.4,0.71,5,-22.772226,-47.139766
1772792672800,54.3,1.26,5,-22.772206,-47.139785
1772792673000,54.1,1.51,4,-22.772186,-47.139805
1772792673200,54.0,0.76,5,-22.772167,-47.139825
1772792673400,53.8,1.24,5,-22.772148,-47.139845
1772792673600,53.7,0.88,5,-22.772129,-47.139864
1772792673800,53.5,0.69,5,-22.772109,-47.139883
1772792674000,53.3,1.25,5,-22.772091,-47.139902
1772792674200,53.0,0.45,5,-22.772071,-47.139920
1772792674400,52.8,0.80,5,-22.772052,-47.139939
1772792674600,52.6,1.42,5,-22.772033,-47.139959
1772792674800,52.4,0.99,5,-22.772013,-47.139978
1772792675000,52.3,0.81,5,-22.771994,-47.139997
1772792675200,52.3,1.03,5,-22.771974,-47.140016
1772792675400,52.1,1.05,5,-22.771955,-47.140034
1772792675600,52.0,0.79,5,-22.771936,-47.140053
1772792675800,51.8,0.93,5,-22.771918,-47.140072
1772792676000,51.6,1.36,5,-22.771900,-47.140091
1772792676200,51.5,0.30,5,-22.771881,-47.140110
1772792676400,51.2,0.94,5,-22.771864,-47.140128
1772792676600,51.0,1.23,5,-22.771846,-47.140146
1772792676800,50.8,1.42,5,-22.771828,-47.140164
1772792677000,50.5,1.23,5,-22.771811,-47.140182
1772792677200,50.3,0.68,5,-22.771792,-47.140200
1772792677400,50.3,0.69,5,-22.771773,-47.140219
1772792677600,50.2,1.20,5,-22.771754,-47.140237
1772792677800,50.0,0.73,5,-22.771738,-47.140253
1772792678000,49.8,0.70,4,-22.771720,-47.140271
1772792678200,49.6,0.43,5,-22.771702,-47.140288
1772792678400,49.4,0.78,5,-22.771686,-47.140307
1772792678600,49.1,1.19,5,-22.771669,-47.140325
1772792678800,49.0,0.98,5,-22.771652,-47.140343
1772792679000,48.8,1.12,5,-22.771635,-47.140360
1772792679200,48.6,1.07,5,-22.771618,-47.140377
1772792679400,48.5,0.58,4,-22.771600,-47.140395
1772792679600,48.3,3.70,4,-22.771583,-47.140412
1772792679800,48.2,0.57,4,-22.771565,-47.140429
1772792680000,48.0,1.52,4,-22.771548,-47.140446
1772792680200,47.9,0.46,4,-22.771530,-47.140463
1772792680400,47.9,0.61,5,-22.771512,-47.140481
1772792680600,47.7,1.63,5,-22.771496,-47.140497
1772792680800,47.5,1.02,5,-22.771480,-47.140514
1772792681000,47.3,1.70,5,-22.771463,-47.140531
1772792681200,47.2,1.17,5,-22.771446,-47.140548
1772792681400,47.0,0.69,5,-22.771430,-47.140565
1772792681600,46.8,0.96,5,-22.771414,-47.140581
1772792681800,46.5,0.81,5,-22.771399,-47.140597
1772792682000,46.2,0.40,5,-22.771386,-47.140613
1772792682200,45.9,1.24,5,-22.771370,-47.140630
1772792682400,45.7,0.92,5,-22.771354,-47.140647
1772792682600,45.6,0.83,5,-22.771337,-47.140664
1772792682800,45.5,0.80,5,-22.771320,-47.140681
1772792683000,45.6,0.92,5,-22.771303,-47.140699
1772792683200,45.6,0.75,5,-22.771285,-47.140716
1772792683400,45.7,1.08,5,-22.771269,-47.140732
1772792683600,45.7,0.98,5,-22.771252,-47.140750
1772792683800,45.8,1.19,5,-22.771235,-47.140768
1772792684000,45.8,1.17,5,-22.771219,-47.140785
1772792684200,45.8,1.27,5,-22.771202,-47.140802
1772792684400,45.7,1.01,5,-22.771186,-47.140818
1772792684600,45.6,1.61,5,-22.771170,-47.140834
1772792684800,45.5,1.27,5,-22.771154,-47.140851
1772792685000,45.4,1.22,5,-22.771138,-47.140867
1772792685200,45.3,0.89,5,-22.771122,-47.140884
1772792685400,45.1,0.66,5,-22.771106,-47.140900
1772792685600,44.8,0.44,5,-22.771092,-47.140914
1772792685800,44.5,1.29,5,-22.771076,-47.140930
1772792686000,44.3,0.92,5,-22.771060,-47.140946
1772792686200,44.1,1.30,5,-22.771044,-47.140961
1772792686400,43.9,0.87,5,-22.771028,-47.140976
1772792686600,43.6,1.26,5,-22.771013,-47.140991
1772792686800,43.4,0.64,5,-22.770997,-47.141006
1772792687000,43.2,1.29,5,-22.770982,-47.141021
1772792687200,43.1,1.21,5,-22.770965,-47.141036
1772792687400,43.0,0.34,5,-22.770950,-47.141051
1772792687600,42.9,1.34,4,-22.770935,-47.141067
1772792687800,42.7,1.27,5,-22.770919,-47.141082
1772792688000,42.6,1.41,5,-22.770904,-47.141097
1772792688200,42.5,0.83,5,-22.770888,-47.141112
1772792688400,42.3,0.53,4,-22.770873,-47.141127
1772792688600,42.2,0.77,4,-22.770858,-47.141143
1772792688800,42.1,0.44,4,-22.770843,-47.141158
1772792689000,41.9,0.89,4,-22.770829,-47.141172
1772792689200,41.6,0.73,4,-22.770813,-47.141187
1772792689400,41.3,1.62,4,-22.770799,-47.141201
1772792689600,40.9,0.91,4,-22.770785,-47.141215
1772792689800,40.6,1.00,5,-22.770771,-47.141229
1772792690000,40.3,1.52,5,-22.770757,-47.141244
1772792690200,39.9,1.22,4,-22.770744,-47.141257
1772792690400,39.6,0.79,4,-22.770731,-47.141271
1772792690600,39.2,0.58,5,-22.770717,-47.141285
1772792690800,38.9,1.55,4,-22.770703,-47.141299
1772792691000,38.5,1.47,5,-22.770690,-47.141313
1772792691200,38.2,0.64,5,-22.770677,-47.141327
1772792691400,37.9,1.14,5,-22.770663,-47.141341
1772792691600,37.6,1.00,4,-22.770649,-47.141355
1772792691800,37.4,0.83,4,-22.770634,-47.141369
1772792692000,37.3,0.87,4,-22.770620,-47.141383
1772792692200,37.1,0.87,5,-22.770606,-47.141396
1772792692400,37.0,0.81,5,-22.770592,-47.141410
1772792692600,36.7,1.10,5,-22.770579,-47.141423
1772792692800,36.5,0.85,5,-22.770566,-47.141436
1772792693000,36.2,0.29,5,-22.770553,-47.141449
1772792693200,35.9,0.63,5,-22.770540,-47.141462
1772792693400,35.6,0.25,5,-22.770528,-47.141474
1772792693600,35.3,0.67,5,-22.770516,-47.141487
1772792693800,35.0,0.59,5,-22.770504,-47.141499
1772792694000,34.6,0.84,5,-22.770492,-47.141509
1772792694200,34.2,1.05,5,-22.770480,-47.141521
1772792694400,33.8,1.45,5,-22.770468,-47.141532
1772792694600,33.4,1.22,5,-22.770457,-47.141542
1772792694800,32.9,1.17,5,-22.770446,-47.141553
1772792695000,32.5,0.95,5,-22.770436,-47.141565
1772792695200,32.0,1.32,5,-22.770425,-47.141575
1772792695400,31.6,1.34,5,-22.770415,-47.141586
1772792695600,31.2,1.39,5,-22.770404,-47.141597
1772792695800,30.8,0.98,5,-22.770394,-47.141607
1772792696000,30.4,1.30,5,-22.770384,-47.141616
1772792696200,29.7,1.37,5,-22.770376,-47.141625
1772792696400,29.1,1.86,5,-22.770367,-47.141633
1772792696600,28.5,2.22,5,-22.770358,-47.141642
1772792696800,27.9,2.92,5,-22.770349,-47.141650
1772792697000,26.8,2.65,5,-22.770343,-47.141652
1772792697200,25.2,2.56,5,-22.770339,-47.141653
1772792697400,23.6,2.40,5,-22.770335,-47.141656
1772792697600,22.1,2.34,5,-22.770330,-47.141660
1772792697800,20.3,2.00,5,-22.770326,-47.141659
1772792698000,18.4,1.68,5,-22.770323,-47.141659
1772792698200,16.4,1.01,5,-22.770321,-47.141657
1772792698400,14.3,0.80,5,-22.770320,-47.141655
1772792698600,12.5,0.74,5,-22.770318,-47.141658
1772792698800,10.9,0.61,5,-22.770317,-47.141660
1772792699000,9.4,0.61,5,-22.770315,-47.141659
1772792699200,8.4,0.47,5,-22.770312,-47.141660
1772792699400,7.6,0.26,5,-22.770309,-47.141661
1772792699600,7.1,0.27,5,-22.770307,-47.141663
1772792699800,6.6,0.21,5,-22.770305,-47.141663
1772792700000,6.2,0.15,5,-22.770303,-47.141665
1772792700200,6.0,0.48,5,-22.770301,-47.141668
1772792700400,5.9,0.86,5,-22.770298,-47.141670
1772792700600,5.9,0.73,5,-22.770295,-47.141673
1772792700800,5.9,0.41,5,-22.770291,-47.141675
1772792701000,5.9,0.89,5,-22.770289,-47.141677
1772792701200,5.9,0.91,5,-22.770287,-47.141679
1772792701400,5.8,0.65,5,-22.770284,-47.141681
1772792701600,5.9,0.06,5,-22.770280,-47.141683
1772792701800,6.0,0.26,5,-22.770276,-47.141685
1772792702000,6.2,0.50,5,-22.770272,-47.141687
1772792702200,6.3,0.69,5,-22.770269,-47.141689
1772792702400,6.5,0.23,5,-22.770260,-47.141690
1772792702600,6.9,0.73,5,-22.770251,-47.141691
1772792702800,7.3,0.52,5,-22.770242,-47.141689
1772792703000,7.8,0.31,5,-22.770233,-47.141688
1772792703200,8.2,0.58,5,-22.770226,-47.141688
1772792703400,8.5,0.49,5,-22.770220,-47.141689
1772792703600,8.7,0.84,5,-22.770215,-47.141690
1772792703800,8.7,0.47,5,-22.770212,-47.141692
1772792704000,8.8,0.73,5,-22.770207,-47.141692
1772792704200,8.9,0.69,5,-22.770201,-47.141693
1772792704400,8.8,0.86,5,-22.770198,-47.141691
1772792704600,9.0,1.12,5,-22.770191,-47.141690
1772792704800,9.1,1.00,5,-22.770184,-47.141687
1772792705000,9.4,0.74,5,-22.770177,-47.141685
1772792705200,9.8,1.21,5,-22.770168,-47.141683
1772792705400,10.2,0.96,4,-22.770161,-47.141681
1772792705600,10.6,1.44,4,-22.770153,-47.141678
1772792705800,11.1,0.89,4,-22.770143,-47.141677
1772792706000,11.6,1.23,4,-22.770134,-47.141674
1772792706200,12.2,1.43,4,-22.770123,-47.141672
1772792706400,13.0,1.02,4,-22.770111,-47.141670
1772792706600,13.9,3.67,5,-22.770096,-47.141667
1772792706800,14.9,1.75,5,-22.770081,-47.141663
1772792707000,16.1,0.66,5,-22.770064,-47.141659
1772792707200,17.1,0.45,5,-22.770049,-47.141653
1772792707400,18.2,3.69,5,-22.770033,-47.141647
1772792707600,19.3,0.77,5,-22.770017,-47.141638
1772792707800,20.3,0.84,5,-22.770002,-47.141630
1772792708000,21.4,0.81,5,-22.769985,-47.141623
1772792708200,22.4,0.21,5,-22.769968,-47.141616
1772792708400,23.4,3.67,5,-22.769952,-47.141610
1772792708600,24.4,1.03,5,-22.769934,-47.141602
1772792708800,25.4,0.28,5,-22.769916,-47.141595
1772792709000,26.4,0.52,5,-22.769898,-47.141588
1772792709200,27.3,0.55,5,-22.769881,-47.141581
1772792709400,28.2,0.88,5,-22.769864,-47.141574
1772792709600,28.9,0.79,5,-22.769847,-47.141567
1772792709800,29.5,0.54,5,-22.769830,-47.141560
1772792710000,30.1,0.90,5,-22.769813,-47.141554
1772792710200,30.7,1.01,5,-22.769795,-47.141547
1772792710400,31.2,0.63,5,-22.769778,-47.141541
1772792710600,31.8,0.66,5,-22.769759,-47.141536
1772792710800,32.3,0.73,5,-22.769740,-47.141531
1772792711000,32.6,0.51,5,-22.769724,-47.141525
1772792711200,32.8,0.45,5,-22.769709,-47.141518
1772792711400,33.0,0.33,5,-22.769693,-47.141512
1772792711600,33.1,0.54,5,-22.769676,-47.141506
1772792711800,33.2,0.21,5,-22.769660,-47.141500
1772792712000,33.2,0.14,5,-22.769644,-47.141494
1772792712200,33.3,3.67,5,-22.769627,-47.141489
1772792712400,33.3,0.64,5,-22.769610,-47.141483
1772792712600,33.2,0.32,5,-22.769597,-47.141477
1772792712800,33.2,0.17,5,-22.769580,-47.141471
1772792713000,33.1,0.33,5,-22.769563,-47.141466
1772792713200,33.1,0.31,5,-22.769546,-47.141462
1772792713400,33.1,0.23,5,-22.769529,-47.141457
1772792713600,33.1,0.74,5,-22.769512,-47.141452
1772792713800,33.0,0.44,5,-22.769497,-47.141448
1772792714000,32.8,0.09,5,-22.769482,-47.141444
1772792714200,32.6,0.27,5,-22.769466,-47.141440
1772792714400,32.3,0.21,5,-22.769453,-47.141435
1772792714600,32.0,0.38,5,-22.769438,-47.141431
1772792714800,31.6,0.32,5,-22.769426,-47.141427
1772792715000,31.1,0.92,5,-22.769412,-47.141424
1772792715200,30.6,0.61,5,-22.769399,-47.141420
1772792715400,29.9,0.49,5,-22.769389,-47.141417
1772792715600,29.1,0.66,5,-22.769377,-47.141416
1772792715800,28.3,0.36,5,-22.769365,-47.141415
1772792716000,27.4,0.25,5,-22.769354,-47.141414
1772792716200,26.5,0.29,5,-22.769344,-47.141412
1772792716400,25.9,0.53,5,-22.769332,-47.141410
1772792716600,25.1,0.43,5,-22.769323,-47.141410
1772792716800,24.2,0.53,5,-22.769314,-47.141410
1772792717000,23.3,3.68,5,-22.769305,-47.141411
1772792717200,22.4,0.51,5,-22.769297,-47.141411
1772792717400,21.8,0.83,5,-22.769287,-47.141411
1772792717600,21.3,0.65,4,-22.769275,-47.141411
1772792717800,20.9,0.44,5,-22.769264,-47.141411
1772792718000,20.6,0.87,5,-22.769252,-47.141411
1772792718200,20.2,0.74,5,-22.769243,-47.141411
1772792718400,19.7,0.37,5,-22.769234,-47.141413
1772792718600,19.1,0.53,5,-22.769226,-47.141414
1772792718800,18.4,0.97,5,-22.769221,-47.141417
1772792719000,17.4,0.44,5,-22.769216,-47.141420
1772792719200,16.3,0.76,5,-22.769214,-47.141424
1772792719400,15.0,0.88,5,-22.769212,-47.141429
1772792719600,13.6,0.82,5,-22.769212,-47.141436
1772792719800,12.1,1.13,5,-22.769213,-47.141443
1772792720000,10.7,0.94,5,-22.769215,-47.141451
1772792720200,9.5,1.01,5,-22.769219,-47.141459
1772792720400,8.6,0.88,5,-22.769226,-47.141466
1772792720600,8.1,0.79,5,-22.769233,-47.141474
1772792720800,8.0,0.64,5,-22.769239,-47.141481
1772792721000,8.4,0.73,5,-22.769246,-47.141487
1772792721200,9.0,3.71,5,-22.769257,-47.141492
1772792721400,9.9,0.67,5,-22.769265,-47.141497
1772792721600,10.9,0.80,5,-22.769274,-47.141502
1772792721800,11.8,0.71,5,-22.769281,-47.141507
1772792722000,12.9,0.67,5,-22.769289,-47.141512
1772792722200,14.0,0.77,5,-22.769297,-47.141518
1772792722400,15.0,0.91,5,-22.769305,-47.141523
1772792722600,15.9,0.77,5,-22.769313,-47.141528
1772792722800,16.8,0.62,5,-22.769320,-47.141531
1772792723000,17.6,3.70,5,-22.769328,-47.141536
1772792723200,18.4,1.04,5,-22.769337,-47.141540
1772792723400,19.1,0.45,5,-22.769345,-47.141545
1772792723600,19.6,0.74,5,-22.769353,-47.141550
1772792723800,20.0,0.58,5,-22.769362,-47.141554
1772792724000,20.8,0.43,5,-22.769374,-47.141558
1772792724200,21.7,0.57,5,-22.769385,-47.141563
1772792724400,22.5,0.65,5,-22.769397,-47.141568
1772792724600,23.1,0.71,5,-22.769407,-47.141573
1772792724800,23.7,0.87,5,-22.769419,-47.141578
1772792725000,24.4,0.37,5,-22.769431,-47.141582
1772792725200,25.0,0.87,5,-22.769444,-47.141587
1772792725400,25.5,0.24,5,-22.769455,-47.141591
1772792725600,25.9,0.30,5,-22.769466,-47.141596
1772792725800,26.5,0.29,5,-22.769479,-47.141601
1772792726000,27.1,0.15,5,-22.769492,-47.141605
1772792726200,27.6,0.83,5,-22.769506,-47.141610
1772792726400,28.2,0.30,5,-22.769520,-47.141616
1772792726600,28.7,0.44,5,-22.769534,-47.141621
1772792726800,29.1,0.49,5,-22.769549,-47.141625
1772792727000,29.5,0.43,5,-22.769563,-47.141629
1772792727200,30.0,3.64,5,-22.769578,-47.141634
1772792727400,30.4,0.39,5,-22.769593,-47.141639
1772792727600,30.7,0.54,5,-22.769608,-47.141645
1772792727800,30.9,0.46,5,-22.769622,-47.141650
1772792728000,31.1,0.38,5,-22.769636,-47.141656
1772792728200,31.2,0.37,5,-22.769650,-47.141662
1772792728400,31.3,0.44,5,-22.769664,-47.141667
1772792728600,31.3,0.09,5,-22.769678,-47.141670
1772792728800,31.2,0.17,5,-22.769693,-47.141675
1772792729000,31.2,0.22,5,-22.769707,-47.141681
1772792729200,31.2,0.10,5,-22.769721,-47.141687
1772792729400,31.1,0.45,5,-22.769735,-47.141692
1772792729600,31.1,0.21,5,-22.769749,-47.141698
1772792729800,31.0,0.14,5,-22.769763,-47.141703
1772792730000,31.0,0.23,5,-22.769778,-47.141708
1772792730200,30.8,0.11,5,-22.769791,-47.141712
1772792730400,30.6,0.29,5,-22.769803,-47.141717
1772792730600,30.2,0.26,5,-22.769815,-47.141723
1772792730800,29.8,0.31,5,-22.769827,-47.141727
1772792731000,29.3,0.13,5,-22.769838,-47.141731
1772792731200,28.9,0.22,5,-22.769851,-47.141735
1772792731400,21.6,0.04,5,-22.769862,-47.141739
1772792731600,18.6,0.47,5,-22.769872,-47.141743
1772792731800,21.3,0.14,5,-22.769882,-47.141747
1772792732000,22.8,0.51,5,-22.769891,-47.141750
1772792732200,23.5,0.33,5,-22.769900,-47.141753
1772792732400,23.8,0.42,5,-22.769909,-47.141756
1772792732600,23.9,0.31,5,-22.769919,-47.141758
1772792732800,23.6,0.35,5,-22.769926,-47.141760
1772792733000,23.3,0.80,5,-22.769937,-47.141763
1772792733200,23.0,0.49,5,-22.769946,-47.141765
1772792733400,22.6,0.81,5,-22.769955,-47.141768
1772792733600,22.0,0.47,5,-22.769963,-47.141770
1772792733800,21.4,0.94,5,-22.769970,-47.141771
1772792734000,20.7,0.81,5,-22.769977,-47.141773
1772792734200,20.1,0.51,5,-22.769985,-47.141774
1772792734400,19.6,0.65,5,-22.769993,-47.141775
1772792734600,19.0,0.31,5,-22.770000,-47.141777
1772792734800,18.5,0.38,5,-22.770007,-47.141779
1772792735000,13.8,0.03,5,-22.770013,-47.141781
1772792735200,11.4,0.32,5,-22.770018,-47.141783
1772792735400,12.9,0.83,5,-22.770024,-47.141785
1772792735600,13.6,0.25,5,-22.770028,-47.141787
1772792735800,13.9,0.29,5,-22.770034,-47.141790
1772792736000,14.0,0.89,5,-22.770039,-47.141792
1772792736200,14.0,0.93,5,-22.770045,-47.141794
1772792736400,13.9,0.70,5,-22.770050,-47.141796
1772792736600,13.6,0.95,5,-22.770053,-47.141798
1772792736800,13.2,0.97,5,-22.770057,-47.141798
1772792737000,12.6,0.90,5,-22.770059,-47.141799
1772792737200,11.7,0.49,5,-22.770059,-47.141800
1772792737400,10.7,0.26,5,-22.770058,-47.141802
1772792737600,9.6,0.31,5,-22.770056,-47.141804
1772792737800,8.5,0.48,5,-22.770055,-47.141806
1772792738000,7.5,0.53,5,-22.770053,-47.141808
1772792738200,6.6,0.52,5,-22.770052,-47.141809
1772792738400,5.8,1.15,5,-22.770052,-47.141809
1772792738600,5.2,1.36,5,-22.770052,-47.141810
1772792738800,4.7,1.35,5,-22.770053,-47.141811
1772792739000,4.4,1.24,5,-22.770055,-47.141812
1772792739200,4.3,0.88,5,-22.770057,-47.141812
1772792739400,4.2,1.32,5,-22.770059,-47.141810
1772792739600,4.2,0.44,5,-22.770062,-47.141808
1772792739800,4.4,0.69,5,-22.770066,-47.141808
1772792740000,4.7,0.93,5,-22.770070,-47.141807
1772792740200,5.2,0.46,5,-22.770075,-47.141806
1772792740400,5.7,1.57,5,-22.770080,-47.141804
1772792740600,6.0,0.69,5,-22.770082,-47.141802
1772792740800,6.3,0.43,5,-22.770085,-47.141798
1772792741000,6.6,0.22,5,-22.770088,-47.141790
1772792741200,7.2,0.84,5,-22.770092,-47.141785
1772792741400,7.9,0.55,5,-22.770098,-47.141780
1772792741600,9.0,1.33,5,-22.770107,-47.141773
1772792741800,10.3,0.43,5,-22.770115,-47.141766
1772792742000,11.6,0.12,5,-22.770124,-47.141759
1772792742200,12.8,0.99,5,-22.770133,-47.141753
1772792742400,14.0,3.68,5,-22.770142,-47.141748
1772792742600,15.1,0.78,5,-22.770152,-47.141742
1772792742800,16.0,1.63,5,-22.770161,-47.141737
1772792743000,16.7,1.35,5,-22.770169,-47.141733
1772792743200,17.3,0.12,5,-22.770178,-47.141727
1772792743400,17.9,0.72,5,-22.770186,-47.141720
1772792743600,18.3,1.09,5,-22.770194,-47.141713
1772792743800,18.8,0.26,5,-22.770202,-47.141705
1772792744000,19.1,0.50,5,-22.770210,-47.141698
1772792744200,19.5,0.51,5,-22.770218,-47.141692
1772792744400,19.8,0.21,5,-22.770227,-47.141684
1772792744600,20.2,0.70,5,-22.770235,-47.141677
1772792744800,20.4,0.35,5,-22.770242,-47.141669
1772792745000,20.6,1.06,5,-22.770249,-47.141660
1772792745200,20.7,0.55,5,-22.770255,-47.141650
1772792745400,20.8,0.51,5,-22.770262,-47.141641
1772792745600,20.7,0.21,5,-22.770268,-47.141632
1772792745800,20.6,0.78,5,-22.770273,-47.141623
1772792746000,20.5,0.90,5,-22.770278,-47.141612
1772792746200,20.5,0.04,5,-22.770285,-47.141602
1772792746400,20.6,0.63,5,-22.770293,-47.141593
1772792746600,20.8,0.40,5,-22.770301,-47.141584
1772792746800,21.1,0.45,5,-22.770309,-47.141576
1772792747000,21.3,0.43,5,-22.770317,-47.141568
1772792747200,21.5,0.33,5,-22.770325,-47.141559
1772792747400,21.7,0.09,5,-22.770333,-47.141550
1772792747600,21.9,0.24,5,-22.770341,-47.141541
1772792747800,22.0,0.32,5,-22.770349,-47.141534
1772792748000,22.0,0.53,5,-22.770356,-47.141526
1772792748200,22.1,0.39,5,-22.770363,-47.141516
1772792748400,22.2,0.40,5,-22.770371,-47.141507
1772792748600,22.2,0.29,5,-22.770378,-47.141498
1772792748800,22.3,0.66,5,-22.770386,-47.141489
1772792749000,22.3,0.43,5,-22.770394,-47.141481
1772792749200,22.4,0.26,5,-22.770401,-47.141471
1772792749400,22.5,0.66,5,-22.770409,-47.141462
1772792749600,22.6,0.37,5,-22.770418,-47.141454
1772792749800,22.7,0.17,5,-22.770427,-47.141446
1772792750000,22.8,0.65,5,-22.770435,-47.141438
1772792750200,22.7,0.29,5,-22.770442,-47.141430
1772792750400,22.6,0.98,5,-22.770450,-47.141422
1772792750600,22.5,1.11,5,-22.770458,-47.141415
1772792750800,22.6,1.07,5,-22.770466,-47.141405
1772792751000,22.6,0.76,5,-22.770474,-47.141398
1772792751200,22.4,0.79,5,-22.770481,-47.141390
1772792751400,21.9,1.11,5,-22.770487,-47.141384
1772792751600,20.4,0.98,5,-22.770492,-47.141383
1772792751800,18.9,0.93,5,-22.770496,-47.141379
1772792752000,17.6,0.94,5,-22.770500,-47.141374
1772792752200,16.5,0.55,5,-22.770504,-47.141368
1772792752400,14.7,0.42,5,-22.770505,-47.141367
1772792752600,13.4,0.32,4,-22.770508,-47.141364
1772792752800,12.2,0.22,5,-22.770512,-47.141361
1772792753000,11.1,0.31,5,-22.770515,-47.141359
1772792753200,10.1,0.22,5,-22.770517,-47.141357
1772792753400,9.3,0.22,4,-22.770520,-47.141354
1772792753600,8.5,0.30,5,-22.770523,-47.141352
1772792753800,7.7,0.14,5,-22.770526,-47.141354
1772792754000,7.2,0.24,4,-22.770529,-47.141353
1772792754200,6.9,0.35,4,-22.770532,-47.141350
1772792754400,6.7,0.62,4,-22.770534,-47.141348
1772792754600,6.7,0.99,4,-22.770537,-47.141347
1772792754800,6.9,1.15,5,-22.770539,-47.141344
1772792755000,7.2,0.92,5,-22.770542,-47.141341
1772792755200,8.0,0.75,5,-22.770547,-47.141339
1772792755400,8.9,1.06,5,-22.770550,-47.141335
1772792755600,9.6,0.93,5,-22.770554,-47.141330
1772792755800,10.4,0.63,5,-22.770559,-47.141325
1772792756000,11.0,0.84,5,-22.770563,-47.141319
1772792756200,11.8,0.52,5,-22.770569,-47.141312
1772792756400,12.7,1.66,5,-22.770576,-47.141305
1772792756600,13.5,1.41,5,-22.770583,-47.141298
1772792756800,14.2,0.30,5,-22.770589,-47.141292
1772792757000,15.0,0.73,5,-22.770596,-47.141285
1772792757200,15.8,0.48,5,-22.770603,-47.141277
1772792757400,16.6,0.42,5,-22.770611,-47.141269
1772792757600,17.3,0.30,5,-22.770619,-47.141261
1772792757800,18.2,1.40,5,-22.770629,-47.141251
1772792758000,19.3,0.86,5,-22.770639,-47.141241
1772792758200,20.5,1.18,5,-22.770649,-47.141231
1772792758400,21.7,1.16,5,-22.770659,-47.141220
1772792758600,22.8,0.97,5,-22.770670,-47.141207
1772792758800,23.8,0.73,5,-22.770681,-47.141195
1772792759000,24.8,0.33,5,-22.770691,-47.141184
1772792759200,25.6,1.19,5,-22.770700,-47.141172
1772792759400,26.2,0.71,5,-22.770710,-47.141163
1772792759600,26.7,0.15,5,-22.770720,-47.141152
1772792759800,27.4,0.63,5,-22.770730,-47.141141
1772792760000,28.0,0.78,5,-22.770740,-47.141129
1772792760200,28.6,0.35,5,-22.770751,-47.141118
1772792760400,29.2,0.83,5,-22.770761,-47.141105
1772792760600,29.8,0.30,5,-22.770771,-47.141093
1772792760800,30.1,1.12,5,-22.770782,-47.141081
1772792761000,30.4,0.72,5,-22.770794,-47.141070
1772792761200,30.6,1.13,5,-22.770805,-47.141059
1772792761400,30.8,0.29,5,-22.770816,-47.141047
1772792761600,31.4,0.65,5,-22.770828,-47.141033
1772792761800,31.8,0.56,5,-22.770840,-47.141020
1772792762000,32.3,0.36,5,-22.770853,-47.141007
1772792762200,32.9,0.51,5,-22.770865,-47.140992
1772792762400,33.4,0.08,5,-22.770878,-47.140978
1772792762600,33.8,0.12,5,-22.770890,-47.140964
1772792762800,34.4,1.11,5,-22.770903,-47.140950
1772792763000,34.8,0.39,5,-22.770916,-47.140937
1772792763200,35.3,2.42,5,-22.770929,-47.140922
1772792763400,35.8,0.89,5,-22.770942,-47.140907
1772792763600,36.4,0.95,5,-22.770955,-47.140892
1772792763800,36.9,0.23,5,-22.770968,-47.140877
1772792764000,37.0,0.08,5,-22.770981,-47.140863
1772792764200,37.0,0.78,5,-22.770993,-47.140850
1772792764400,36.9,0.52,5,-22.771006,-47.140836
1772792764600,36.9,0.48,5,-22.771019,-47.140820
1772792764800,36.9,1.02,5,-22.771032,-47.140806
1772792765000,36.9,1.08,5,-22.771045,-47.140791
1772792765200,36.9,0.43,5,-22.771058,-47.140776
1772792765400,37.0,0.56,5,-22.771072,-47.140762
1772792765600,37.1,0.09,5,-22.771086,-47.140747
1772792765800,37.1,0.61,5,-22.771100,-47.140732
1772792766000,37.2,1.18,5,-22.771114,-47.140717
1772792766200,37.4,0.38,5,-22.771128,-47.140703
1772792766400,37.7,0.58,5,-22.771142,-47.140687
1772792766600,37.9,0.84,5,-22.771157,-47.140672
1772792766800,38.1,1.27,5,-22.771171,-47.140658
1772792767000,38.3,1.04,5,-22.771186,-47.140643
1772792767200,38.5,0.27,5,-22.771202,-47.140628
1772792767400,38.6,1.00,5,-22.771217,-47.140612
1772792767600,38.8,0.53,5,-22.771232,-47.140597
1772792767800,39.1,1.03,5,-22.771249,-47.140582
1772792768000,39.2,1.03,5,-22.771265,-47.140568
1772792768200,39.2,0.95,5,-22.771281,-47.140553
1772792768400,39.2,1.57,5,-22.771297,-47.140539
1772792768600,39.3,0.18,5,-22.771312,-47.140524
1772792768800,39.4,0.61,5,-22.771327,-47.140510
1772792769000,39.4,0.25,5,-22.771342,-47.140495
1772792769200,39.2,0.64,5,-22.771357,-47.140481
1772792769400,38.7,0.81,5,-22.771371,-47.140467
1772792769600,38.4,0.50,5,-22.771385,-47.140453
1772792769800,38.1,0.10,5,-22.771400,-47.140439
1772792770000,37.9,0.41,5,-22.771415,-47.140425
1772792770200,37.8,0.44,5,-22.771429,-47.140411
1772792770400,38.1,0.57,5,-22.771445,-47.140395
1772792770600,38.5,0.74,5,-22.771460,-47.140379
1772792770800,38.5,0.30,5,-22.771475,-47.140366
1772792771000,38.3,0.51,5,-22.771489,-47.140352
1772792771200,38.3,1.55,5,-22.771504,-47.140337
1772792771400,38.3,0.69,5,-22.771518,-47.140324
1772792771600,38.4,0.27,5,-22.771532,-47.140309
1772792771800,38.5,1.43,5,-22.771546,-47.140295
1772792772000,38.7,1.21,5,-22.771560,-47.140280
1772792772200,38.8,0.71,5,-22.771574,-47.140265
1772792772400,39.0,0.65,5,-22.771588,-47.140250
1772792772600,39.2,0.57,5,-22.771602,-47.140235
1772792772800,39.2,0.87,5,-22.771615,-47.140219
1772792773000,39.1,0.42,5,-22.771629,-47.140205
1772792773200,39.2,0.45,5,-22.771643,-47.140189
1772792773400,39.3,0.28,5,-22.771657,-47.140173
1772792773600,39.5,0.72,5,-22.771671,-47.140158
1772792773800,39.7,3.67,5,-22.771686,-47.140143
1772792774000,40.0,0.39,5,-22.771700,-47.140126
1772792774200,40.3,0.88,5,-22.771715,-47.140108
1772792774400,40.7,0.53,5,-22.771730,-47.140091
1772792774600,41.1,0.54,5,-22.771745,-47.140074
1772792774800,41.6,0.44,5,-22.771760,-47.140057
1772792775000,41.9,1.13,5,-22.771775,-47.140040
1772792775200,42.0,0.32,5,-22.771790,-47.140025
1772792775400,41.9,0.64,5,-22.771804,-47.140009
1772792775600,41.8,0.41,5,-22.771819,-47.139995
1772792775800,41.8,0.27,5,-22.771833,-47.139979
1772792776000,41.8,1.16,5,-22.771848,-47.139963
1772792776200,41.5,0.43,5,-22.771862,-47.139949
1772792776400,41.3,0.77,5,-22.771877,-47.139933
1772792776600,41.3,0.65,5,-22.771892,-47.139919
1772792776800,41.1,0.38,5,-22.771907,-47.139904
1772792777000,41.0,0.40,5,-22.771922,-47.139890
1772792777200,40.9,0.51,5,-22.771938,-47.139875
1772792777400,40.7,0.27,5,-22.771953,-47.139861
1772792777600,40.5,0.22,5,-22.771968,-47.139847
1772792777800,40.0,0.99,5,-22.771983,-47.139834
1772792778000,39.6,0.94,5,-22.771997,-47.139820
1772792778200,39.3,0.23,5,-22.772012,-47.139806
1772792778400,39.1,0.24,5,-22.772026,-47.139792
1772792778600,39.0,0.80,5,-22.772041,-47.139778
1772792778800,38.4,0.23,5,-22.772054,-47.139766
1772792779000,37.4,0.44,5,-22.772066,-47.139756
1772792779200,36.3,0.68,5,-22.772077,-47.139746
1772792779400,35.5,0.60,5,-22.772090,-47.139735
1772792779600,34.9,0.59,5,-22.772103,-47.139722
1772792779800,34.9,0.32,5,-22.772116,-47.139708
1772792780000,35.0,0.42,5,-22.772130,-47.139695
1772792780200,35.0,0.36,5,-22.772143,-47.139682
1772792780400,35.0,0.23,5,-22.772156,-47.139668
1772792780600,26.2,0.06,5,-22.772168,-47.139655
1772792780800,23.3,0.75,5,-22.772181,-47.139642
1772792781000,26.9,0.63,5,-22.772194,-47.139630
1772792781200,29.0,0.68,5,-22.772206,-47.139618
1772792781400,30.3,0.30,5,-22.772218,-47.139606
1772792781600,31.0,1.57,5,-22.772232,-47.139595
1772792781800,31.3,0.38,5,-22.772245,-47.139584
1772792782000,31.6,0.51,5,-22.772258,-47.139573
1772792782200,31.8,0.91,5,-22.772271,-47.139563
1772792782400,32.1,0.72,5,-22.772284,-47.139552
1772792782600,32.4,1.13,5,-22.772298,-47.139540
1772792782800,32.7,0.66,5,-22.772311,-47.139527
1772792783000,33.3,0.58,5,-22.772326,-47.139513
1772792783200,33.8,0.51,5,-22.772339,-47.139500
1772792783400,34.3,1.72,5,-22.772353,-47.139486
1772792783600,34.9,1.44,5,-22.772368,-47.139472
1772792783800,35.4,0.73,5,-22.772384,-47.139457
1772792784000,35.9,0.69,5,-22.772398,-47.139443
1772792784200,36.5,0.51,5,-22.772413,-47.139428
1772792784400,37.0,1.89,5,-22.772427,-47.139413
1772792784600,37.5,4.68,5,-22.772442,-47.139398
1772792784800,38.1,1.76,5,-22.772457,-47.139383
1772792785000,38.5,0.81,5,-22.772472,-47.139368
1772792785200,38.9,0.74,5,-22.772486,-47.139352
1772792785400,39.2,0.85,5,-22.772502,-47.139337
1772792785600,39.5,0.15,5,-22.772517,-47.139322
1772792785800,39.7,0.25,5,-22.772532,-47.139306
1772792786000,39.9,0.44,5,-22.772547,-47.139291
1772792786200,40.1,0.85,5,-22.772562,-47.139276
1772792786400,40.2,0.59,5,-22.772578,-47.139262
1772792786600,40.4,0.90,5,-22.772593,-47.139247
1772792786800,40.7,0.61,5,-22.772609,-47.139232
1772792787000,41.1,1.43,5,-22.772624,-47.139216
1772792787200,41.3,0.76,5,-22.772640,-47.139200
1772792787400,41.6,0.64,5,-22.772656,-47.139183
1772792787600,42.0,1.02,5,-22.772671,-47.139166
1772792787800,42.4,0.91,5,-22.772687,-47.139150
1772792788000,42.7,1.06,5,-22.772703,-47.139133
1772792788200,43.0,0.77,5,-22.772719,-47.139117
1772792788400,43.2,0.91,5,-22.772735,-47.139101
1772792788600,43.4,0.42,5,-22.772751,-47.139085
1772792788800,43.8,1.07,5,-22.772768,-47.139068
1772792789000,44.0,0.54,5,-22.772784,-47.139051
1772792789200,44.1,0.75,5,-22.772800,-47.139035
1772792789400,44.2,0.84,5,-22.772816,-47.139018
1772792789600,44.4,1.42,5,-22.772832,-47.139001
1772792789800,44.6,0.42,5,-22.772848,-47.138984
1772792790000,44.7,0.35,5,-22.772864,-47.138966
1772792790200,44.6,0.51,5,-22.772880,-47.138950
1772792790400,44.4,0.73,5,-22.772897,-47.138936
1772792790600,44.4,0.49,5,-22.772913,-47.138919
1772792790800,44.2,1.08,5,-22.772929,-47.138904
1772792791000,43.8,0.59,5,-22.772945,-47.138889
1772792791200,43.6,0.68,5,-22.772961,-47.138871
1772792791400,43.4,0.59,5,-22.772977,-47.138855
1772792791600,43.4,0.72,5,-22.772994,-47.138839
1772792791800,43.5,0.30,5,-22.773011,-47.138822
1772792792000,43.6,0.67,5,-22.773027,-47.138805
1772792792200,43.8,0.28,5,-22.773043,-47.138788
1772792792400,44.0,0.80,5,-22.773060,-47.138772
1772792792600,44.3,0.20,5,-22.773077,-47.138754
1772792792800,44.7,0.63,5,-22.773094,-47.138737
1772792793000,45.0,0.78,5,-22.773111,-47.138719
1772792793200,45.4,0.40,5,-22.773128,-47.138700
1772792793400,45.6,0.87,5,-22.773146,-47.138683
1772792793600,45.9,0.58,5,-22.773163,-47.138664
1772792793800,46.3,0.65,5,-22.773180,-47.138646
1772792794000,46.7,0.82,5,-22.773198,-47.138627
1772792794200,47.0,0.86,5,-22.773216,-47.138608
1772792794400,47.2,0.58,5,-22.773234,-47.138590
1772792794600,47.4,0.41,5,-22.773252,-47.138571
1772792794800,47.8,0.68,5,-22.773271,-47.138553
1772792795000,48.0,0.52,5,-22.773288,-47.138534
1772792795200,48.2,0.22,5,-22.773307,-47.138517
1772792795400,48.7,0.90,5,-22.773326,-47.138497
1772792795600,49.0,0.72,5,-22.773343,-47.138478
1772792795800,49.2,0.48,5,-22.773362,-47.138459
1772792796000,49.6,0.60,5,-22.773381,-47.138440
1772792796200,49.8,0.61,5,-22.773399,-47.138421
1772792796400,50.0,0.72,5,-22.773418,-47.138402
1772792796600,50.4,1.51,5,-22.773436,-47.138382
1772792796800,50.7,3.64,5,-22.773457,-47.138363
1772792797000,51.0,0.58,5,-22.773476,-47.138343
1772792797200,51.1,0.41,5,-22.773494,-47.138324
1772792797400,51.2,0.37,5,-22.773513,-47.138305
1772792797600,51.2,0.57,5,-22.773532,-47.138286
1772792797800,51.2,0.34,5,-22.773551,-47.138267
1772792798000,51.3,0.70,5,-22.773569,-47.138248
1772792798200,51.4,0.45,5,-22.773587,-47.138228
1772792798400,51.4,0.17,5,-22.773606,-47.138209
1772792798600,51.3,0.51,5,-22.773625,-47.138191
1772792798800,51.2,0.34,5,-22.773643,-47.138171
1772792799000,51.2,1.31,5,-22.773663,-47.138153
1772792799200,51.2,0.33,5,-22.773681,-47.138133
1772792799400,51.1,0.96,5,-22.773699,-47.138114
1772792799600,51.2,0.61,5,-22.773719,-47.138095
1772792799800,51.5,0.43,5,-22.773737,-47.138074
1772792800000,51.7,0.15,5,-22.773756,-47.138054
1772792800200,52.1,0.22,5,-22.773776,-47.138035
1772792800400,52.5,0.46,5,-22.773796,-47.138015
1772792800600,52.8,0.25,5,-22.773815,-47.137994
1772792800800,52.9,0.20,5,-22.773834,-47.137975
1772792801000,53.0,1.05,5,-22.773854,-47.137956
1772792801200,53.4,0.28,5,-22.773874,-47.137935
1772792801400,53.6,0.24,5,-22.773893,-47.137915
1772792801600,53.9,0.33,5,-22.773912,-47.137894
1772792801800,54.0,0.70,5,-22.773932,-47.137874
1772792802000,53.8,0.94,5,-22.773950,-47.137857
1772792802200,53.5,0.43,5,-22.773968,-47.137839
1772792802400,53.6,0.66,5,-22.773988,-47.137816
1772792802600,53.8,0.45,5,-22.774007,-47.137794
1772792802800,54.0,0.43,5,-22.774027,-47.137773
1772792803000,54.1,0.20,5,-22.774047,-47.137752
1772792803200,54.2,0.50,5,-22.774067,-47.137732
1772792803400,54.3,0.29,5,-22.774088,-47.137712
1772792803600,54.3,2.01,5,-22.774108,-47.137691
1772792803800,54.4,0.85,5,-22.774126,-47.137670
1772792804000,54.4,0.72,5,-22.774146,-47.137650
1772792804200,54.3,0.74,5,-22.774165,-47.137629
1772792804400,54.2,0.78,5,-22.774185,-47.137609
1772792804600,54.2,0.46,5,-22.774205,-47.137588
1772792804800,54.3,0.11,5,-22.774225,-47.137567
1772792805000,54.3,0.29,5,-22.774245,-47.137547
1772792805200,54.4,0.27,5,-22.774265,-47.137526
1772792805400,54.4,0.22,5,-22.774284,-47.137506
1772792805600,54.4,0.84,5,-22.774304,-47.137485
1772792805800,54.4,0.33,5,-22.774324,-47.137465
1772792806000,54.5,0.32,5,-22.774344,-47.137445
1772792806200,54.5,0.09,5,-22.774364,-47.137424
1772792806400,54.4,0.41,5,-22.774384,-47.137402
1772792806600,54.3,0.10,5,-22.774403,-47.137383
1772792806800,54.1,0.07,5,-22.774423,-47.137363
1772792807000,53.7,1.57,5,-22.774441,-47.137345
1772792807200,53.3,2.77,5,-22.774460,-47.137327
1772792807400,52.8,0.52,5,-22.774478,-47.137309
1772792807600,52.3,0.25,5,-22.774497,-47.137290
1772792807800,51.9,0.29,5,-22.774515,-47.137273
1772792808000,51.5,0.20,5,-22.774533,-47.137255
1772792808200,51.1,0.41,5,-22.774551,-47.137238
1772792808400,50.8,0.32,5,-22.774569,-47.137220
1772792808600,50.5,0.17,5,-22.774586,-47.137203
1772792808800,50.2,0.27,5,-22.774604,-47.137185
1772792809000,37.6,0.08,5,-22.774621,-47.137168
1772792809200,33.4,0.72,5,-22.774639,-47.137151
1772792809400,31.5,0.05,5,-22.774657,-47.137134
1772792809600,29.7,0.31,5,-22.774674,-47.137118
1772792809800,36.1,0.33,5,-22.774690,-47.137102
1772792810000,32.7,0.04,5,-22.774707,-47.137086
1772792810200,29.3,0.32,5,-22.774723,-47.137070
1772792810400,34.8,0.85,5,-22.774738,-47.137055
1772792810600,38.2,0.64,5,-22.774753,-47.137040
1772792810800,39.9,0.13,5,-22.774768,-47.137026
1772792811000,40.7,0.48,5,-22.774784,-47.137010
1772792811200,40.7,0.38,5,-22.774798,-47.136996
1772792811400,40.2,0.43,5,-22.774811,-47.136983
1772792811600,39.3,0.16,5,-22.774824,-47.136969
1772792811800,38.3,0.24,5,-22.774837,-47.136957
1772792812000,37.3,0.28,5,-22.774850,-47.136944
1772792812200,36.0,0.29,5,-22.774860,-47.136933
1772792812400,34.9,0.13,5,-22.774872,-47.136922
1772792812600,33.7,0.05,5,-22.774883,-47.136912
1772792812800,27.3,0.06,5,-22.774894,-47.136902
1772792813000,21.0,0.39,5,-22.774905,-47.136893
1772792813200,23.9,0.20,5,-22.774915,-47.136884
1772792813400,25.5,0.42,5,-22.774926,-47.136874
1772792813600,26.2,0.21,5,-22.774935,-47.136866
1772792813800,26.4,0.76,5,-22.774945,-47.136859
1772792814000,26.3,0.31,5,-22.774956,-47.136851
1772792814200,25.9,0.23,5,-22.774965,-47.136842
1772792814400,25.4,0.77,5,-22.774974,-47.136832
1772792814600,24.8,0.28,5,-22.774984,-47.136823
1772792814800,24.2,3.68,5,-22.774993,-47.136815
1772792815000,23.3,0.53,5,-22.775002,-47.136808
1772792815200,22.5,0.68,5,-22.775010,-47.136800
1772792815400,21.9,0.36,5,-22.775019,-47.136794
1772792815600,21.2,0.75,5,-22.775027,-47.136787
1772792815800,20.1,0.72,5,-22.775031,-47.136779
1772792816000,19.2,0.48,5,-22.775036,-47.136772
1772792816200,18.2,1.42,5,-22.775042,-47.136766
1772792816400,17.2,1.13,5,-22.775047,-47.136761
1772792816600,16.1,0.68,5,-22.775050,-47.136755
1772792816800,15.3,0.99,5,-22.775052,-47.136747
1772792817000,15.0,0.53,5,-22.775054,-47.136739
1772792817200,14.9,0.52,5,-22.775050,-47.136728
1772792817400,14.9,0.91,5,-22.775050,-47.136720
1772792817600,14.9,0.45,5,-22.775049,-47.136711
1772792817800,15.0,0.79,5,-22.775047,-47.136702
1772792818000,14.7,0.76,5,-22.775044,-47.136697
1772792818200,14.6,0.31,5,-22.775042,-47.136690
1772792818400,14.5,0.19,5,-22.775039,-47.136683
1772792818600,14.6,0.30,5,-22.775036,-47.136677
1772792818800,14.9,0.17,5,-22.775032,-47.136668
1772792819000,15.2,1.00,5,-22.775027,-47.136660
1772792819200,15.5,0.93,4,-22.775023,-47.136652
1772792819400,15.6,0.25,4,-22.775019,-47.136647
1772792819600,15.8,0.52,5,-22.775014,-47.136641
1772792819800,15.9,0.76,5,-22.775009,-47.136634
1772792820000,16.2,0.70,5,-22.775005,-47.136627
1772792820200,16.5,0.81,5,-22.774999,-47.136620
1772792820400,16.9,0.97,4,-22.774993,-47.136614
1772792820600,17.3,0.51,4,-22.774987,-47.136606
1772792820800,18.0,0.86,5,-22.774981,-47.136598
1772792821000,18.7,0.44,4,-22.774976,-47.136589
1772792821200,19.6,1.27,4,-22.774969,-47.136580
1772792821400,20.4,1.17,4,-22.774963,-47.136571
1772792821600,21.2,0.85,5,-22.774956,-47.136561
1772792821800,22.1,0.70,4,-22.774949,-47.136550
1772792822000,22.9,1.02,4,-22.774942,-47.136539
1772792822200,23.6,0.89,4,-22.774936,-47.136528
1772792822400,24.3,0.97,5,-22.774930,-47.136515
1772792822600,24.8,1.11,4,-22.774926,-47.136503
1772792822800,25.2,0.86,4,-22.774922,-47.136490
1772792823000,25.5,0.71,5,-22.774916,-47.136477
1772792823200,25.6,0.08,4,-22.774912,-47.136464
1772792823400,25.6,0.48,4,-22.774906,-47.136452
1772792823600,25.4,0.62,4,-22.774902,-47.136439
1772792823800,25.2,0.25,5,-22.774903,-47.136425
1772792824000,24.9,0.40,5,-22.774902,-47.136412
1772792824200,24.6,0.30,5,-22.774901,-47.136399
1772792824400,24.2,0.84,4,-22.774900,-47.136387
1772792824600,24.0,1.18,4,-22.774899,-47.136374
1772792824800,23.7,3.71,4,-22.774897,-47.136362
1772792825000,23.6,1.15,4,-22.774895,-47.136350
1772792825200,23.4,0.43,5,-22.774892,-47.136338
1772792825400,23.2,0.49,5,-22.774888,-47.136327
1772792825600,23.1,0.23,4,-22.774885,-47.136316
1772792825800,23.1,0.54,4,-22.774881,-47.136305
1772792826000,23.0,0.35,5,-22.774877,-47.136293
1772792826200,22.8,0.33,4,-22.774874,-47.136282
1772792826400,22.7,0.20,4,-22.774870,-47.136271
1772792826600,18.9,0.01,4,-22.774867,-47.136260
1772792826800,15.2,3.63,4,-22.774863,-47.136249
1772792827000,17.7,0.44,4,-22.774862,-47.136238
1772792827200,19.3,0.41,4,-22.774861,-47.136226
1772792827400,20.4,0.55,4,-22.774859,-47.136215
1772792827600,20.8,0.27,5,-22.774857,-47.136204
1772792827800,21.1,0.29,4,-22.774854,-47.136194
1772792828000,21.1,0.83,4,-22.774851,-47.136183
1772792828200,21.0,0.47,4,-22.774847,-47.136173
1772792828400,20.7,0.42,5,-22.774843,-47.136164
1772792828600,20.6,0.28,5,-22.774839,-47.136153
1772792828800,20.4,0.39,4,-22.774836,-47.136144
1772792829000,20.2,0.70,4,-22.774834,-47.136133
1772792829200,20.0,0.73,5,-22.774832,-47.136123
1772792829400,19.3,0.65,5,-22.774830,-47.136116
1772792829600,18.5,0.87,4,-22.774828,-47.136108
1772792829800,17.8,1.11,5,-22.774825,-47.136100
1772792830000,16.8,0.54,5,-22.774822,-47.136094
1772792830200,15.9,0.28,4,-22.774819,-47.136088
1772792830400,15.1,0.43,4,-22.774817,-47.136082
1772792830600,14.0,0.71,4,-22.774814,-47.136077
1772792830800,13.2,0.37,4,-22.774811,-47.136073
1772792831000,12.1,0.35,4,-22.774808,-47.136070
1772792831200,11.1,0.29,4,-22.774808,-47.136065
1772792831400,10.3,0.13,4,-22.774807,-47.136062
1772792831600,9.1,0.35,4,-22.774804,-47.136062
1772792831800,8.3,0.51,4,-22.774801,-47.136060
1772792832000,7.6,0.26,4,-22.774798,-47.136058
1772792832200,7.0,0.38,5,-22.774794,-47.136058
1772792832400,6.5,0.24,4,-22.774792,-47.136057
1772792832600,6.1,0.37,5,-22.774791,-47.136055
1772792832800,5.8,0.61,4,-22.774789,-47.136053
1772792833000,5.5,3.69,5,-22.774788,-47.136052
1772792833200,5.4,0.65,5,-22.774787,-47.136049
1772792833400,5.2,0.99,4,-22.774788,-47.136047
1772792833600,5.1,0.69,4,-22.774792,-47.136043
1772792833800,5.2,0.75,4,-22.774795,-47.136040
1772792834000,5.4,0.53,5,-22.774795,-47.136037
1772792834200,5.6,0.49,4,-22.774797,-47.136033
1772792834400,5.6,0.75,4,-22.774796,-47.136031
1772792834600,5.4,0.68,4,-22.774794,-47.136030
1772792834800,5.2,0.54,4,-22.774796,-47.136027
1772792835000,5.0,3.68,4,-22.774796,-47.136025
1772792835200,4.7,0.27,5,-22.774796,-47.136024
1772792835400,4.3,0.31,4,-22.774797,-47.136023
1772792835600,3.9,0.30,4,-22.774801,-47.136022
1772792835800,3.8,0.51,4,-22.774805,-47.136021
1772792836000,4.1,0.63,4,-22.774813,-47.136018
1772792836200,4.4,0.49,4,-22.774816,-47.136019
1772792836400,4.5,0.62,4,-22.774817,-47.136020
1772792836600,4.3,0.74,4,-22.774814,-47.136023
1772792836800,4.2,0.47,4,-22.774814,-47.136025
1772792837000,4.3,0.62,4,-22.774817,-47.136025
1772792837200,4.2,0.48,4,-22.774817,-47.136027
1772792837400,4.3,0.40,4,-22.774819,-47.136027
1772792837600,4.1,0.51,5,-22.774817,-47.136029
1772792837800,4.0,0.30,4,-22.774816,-47.136030
1772792838000,4.0,0.36,4,-22.774819,-47.136030
1772792838200,4.0,0.31,5,-22.774821,-47.136031
1772792838400,3.3,0.06,4,-22.774821,-47.136032
1772792838600,2.7,3.65,4,-22.774823,-47.136032
1772792838800,3.3,0.15,5,-22.774826,-47.136031
1772792839000,3.7,0.26,5,-22.774829,-47.136031
1772792839200,3.9,0.40,5,-22.774830,-47.136031
1772792839400,4.0,0.24,4,-22.774829,-47.136031
1772792839600,3.9,0.30,5,-22.774823,-47.136035
1772792839800,3.5,0.32,5,-22.774816,-47.136038
1772792840000,3.4,0.34,5,-22.774818,-47.136039
1772792840200,3.1,0.54,5,-22.774812,-47.136043
1772792840400,2.8,0.61,5,-22.774810,-47.136044
1772792840600,2.6,0.37,5,-22.774808,-47.136043
1772792840800,2.6,0.95,5,-22.774813,-47.136039
1772792841000,2.7,0.75,5,-22.774815,-47.136035
1772792841200,3.1,0.76,5,-22.774817,-47.136031
1772792841400,3.6,1.01,5,-22.774821,-47.136027
1772792841600,4.0,0.52,5,-22.774823,-47.136024
1772792841800,4.2,0.73,5,-22.774822,-47.136023
1772792842000,4.2,0.82,5,-22.774821,-47.136023
1772792842200,4.1,0.68,5,-22.774820,-47.136023
1772792842400,3.8,0.67,5,-22.774818,-47.136024
1772792842600,3.4,1.11,5,-22.774818,-47.136026
1772792842800,3.1,1.30,5,-22.774821,-47.136026
1772792843000,2.9,1.36,5,-22.774824,-47.136026
1772792843200,2.6,1.35,5,-22.774825,-47.136030
1772792843400,2.4,1.51,5,-22.774822,-47.136034
1772792843600,2.4,3.66,5,-22.774821,-47.136038
1772792843800,2.6,1.21,5,-22.774817,-47.136043
1772792844000,3.2,1.18,5,-22.774820,-47.136048
1772792844200,3.9,0.86,5,-22.774823,-47.136055
1772792844400,4.8,0.95,5,-22.774825,-47.136062
1772792844600,5.7,1.24,5,-22.774829,-47.136069
1772792844800,6.6,0.68,5,-22.774834,-47.136076
1772792845000,7.4,0.66,5,-22.774842,-47.136082
1772792845200,8.7,1.22,5,-22.774850,-47.136095
1772792845400,9.9,1.06,5,-22.774851,-47.136104
1772792845600,11.1,0.58,5,-22.774854,-47.136115
1772792845800,12.3,1.09,5,-22.774856,-47.136127
1772792846000,13.5,1.16,5,-22.774852,-47.136140
1772792846200,14.4,0.54,5,-22.774849,-47.136150
1772792846400,15.0,1.05,5,-22.774843,-47.136161
1772792846600,15.6,0.78,5,-22.774838,-47.136172
1772792846800,16.2,1.00,5,-22.774833,-47.136186
1772792847000,16.9,0.63,5,-22.774829,-47.136199
1772792847200,17.6,1.49,4,-22.774826,-47.136213
1772792847400,18.3,1.41,5,-22.774823,-47.136227
1772792847600,19.1,1.10,5,-22.774820,-47.136243
1772792847800,19.9,1.11,4,-22.774818,-47.136258
1772792848000,20.8,0.56,4,-22.774817,-47.136275
1772792848200,21.8,1.38,5,-22.774816,-47.136293
1772792848400,22.8,1.17,5,-22.774817,-47.136310
1772792848600,23.8,1.06,4,-22.774817,-47.136327
1772792848800,24.6,0.64,5,-22.774821,-47.136343
1772792849000,25.5,0.37,4,-22.774827,-47.136360
1772792849200,26.3,0.32,4,-22.774832,-47.136378
1772792849400,27.2,0.35,5,-22.774837,-47.136396
1772792849600,28.0,1.25,4,-22.774841,-47.136414
1772792849800,28.8,0.22,4,-22.774846,-47.136432
1772792850000,29.5,0.28,4,-22.774853,-47.136448
1772792850200,30.0,0.09,4,-22.774860,-47.136465
1772792850400,30.5,0.65,4,-22.774867,-47.136481
1772792850600,30.9,0.60,4,-22.774873,-47.136497
1772792850800,31.1,0.12,4,-22.774880,-47.136513
1772792851000,31.3,0.21,4,-22.774886,-47.136529
1772792851200,31.5,0.13,4,-22.774892,-47.136545
1772792851400,31.5,0.22,4,-22.774900,-47.136560
1772792851600,31.5,0.48,4,-22.774906,-47.136575
1772792851800,31.4,0.73,4,-22.774912,-47.136589
1772792852000,30.9,0.49,4,-22.774914,-47.136601
1772792852200,30.4,0.47,4,-22.774917,-47.136614
1772792852400,29.9,0.76,4,-22.774921,-47.136628
1772792852600,29.6,0.56,5,-22.774924,-47.136642
1772792852800,29.3,0.68,5,-22.774926,-47.136657
1772792853000,28.7,0.57,4,-22.774924,-47.136666
1772792853200,27.7,0.64,5,-22.774921,-47.136675
1772792853400,26.7,0.37,4,-22.774918,-47.136685
1772792853600,25.6,0.45,4,-22.774915,-47.136694
1772792853800,24.5,0.44,5,-22.774911,-47.136702
1772792854000,23.5,0.32,4,-22.774908,-47.136713
1772792854200,22.5,0.67,5,-22.774905,-47.136720
1772792854400,21.3,1.07,5,-22.774901,-47.136728
1772792854600,20.0,0.78,5,-22.774899,-47.136735
1772792854800,19.0,1.30,5,-22.774896,-47.136744
1772792855000,18.3,0.76,5,-22.774893,-47.136754
1772792855200,17.9,1.64,6,-22.774892,-47.136764